extra_channel,epochs,fc2,epoch_reducers,fold,arch_hash,net_hash,ae_hash,batch_size,window,l1,l2,dropout,batch_normalization,lr,variational_mode,dec_blocks,dec_activation,eta,block_size,nblocks,msblocks,conv_activation,kernel_size,filters,dilation_rate,dense_activation,fc1,f1,f2,f3,pretrain,freeze,ae_loss,ae_rec_loss,ae_kl_loss,net_score,net_mae,net_mse,net_NASA_score,status,ae_time,net_time,kernels,attention,bidirectional,cell_type,lstm_units,net_name,experiment,input_shape,num_embeddings
False,100,152.0,,0,a69f2c12bd5b43be3a656f75ba0b7cd14358b995,9a54be5fcdf6d331cf8b55f6f8fd3dbc2df55fc3,,46.0,168.0,0.000785175961393,0.000199673782158,0.262930183681696,True,0.000519092094029,True,4.0,relu,0.5,4.0,2.0,4.0,relu,"(3, 3)",32.0,1.0,relu,134.0,5.0,10.0,15.0,True,False,,,,0.1295461505651474,0.1828164309263229,0.0761496722698211,0.0149919055402278,FINISHED,,4302.448568105698,,0.0984844859190754,0.0724582803960838,0.7137057894447589,82.35043171254875,rnn,rnn_rnn_rna,,221.50897038028768
False,100,179.0,,0,e8b73fd08fce02eb2fdae8baade50cca67d1a0ce,6385dd35d45c8a6a47ac3d3e3c909dda4b5fba23,,55.0,173.0,0.000708072577796,2.0584494296e-05,0.05227525095138,True,0.00097021075364,True,4.0,relu,0.5,4.0,2.0,4.0,relu,"(3, 3)",32.0,1.0,relu,230.0,5.0,10.0,15.0,True,False,,,,0.1292986869812011,0.1984813213348388,0.0979053303599357,0.017484663054347,FINISHED,,4850.62206697464,,0.2390802376947249,0.6873169683940732,-0.1979627191151269,109.23357576964725,rnn,rnn_rnn_rna,,136.36499344142013
False,100,87.0,,0,3d3aaac910746abc4c23d27f8c529504c01f1aec,f61e701b3231015656c567b5c2ae75f806c91295,,63.0,308.0,0.000495176910111,3.4388521115e-05,0.615809723860941,True,0.000910227198058,True,4.0,relu,0.5,4.0,3.0,4.0,relu,"(3, 3)",32.0,1.0,relu,149.0,5.0,10.0,15.0,True,False,,,,0.3229654431343078,0.5248886942863464,0.5028687715530396,0.0542834475636482,FINISHED,,5742.563477516174,,-0.379896814029441,1.1067946962329225,0.0992275383467413,44.983357939201895,rnn,rnn_rnn_rna,,162.3422152178822
False,100,81.0,,0,a27489f1b1626de21d0e2dc907d0c9eb6ae95ca4,b0c5fd4e866df7bcee497beee204a1c44a4ea509,,63.0,243.0,0.000195982862419,4.5227288911e-05,0.538109980929977,False,0.000332077027456,True,4.0,relu,0.5,4.0,2.0,4.0,relu,"(3, 3)",32.0,1.0,tanh,241.0,5.0,10.0,15.0,True,False,,,,0.1266913712024688,0.1792335659265518,0.0625786408782005,0.0150157790631055,FINISHED,,8094.892652511597,,0.5834205586865593,1.040265646722229,1.3689978831283782,59.53185644522198,rnn,rnn_rnn_rna,,265.7475018303859
False,100,65.0,,0,98582ef6ea541c73e3b53e172d18e8deb12b268c,23a6d0ee9d19cfa80c2d23e569492be1e3e40c50,,37.0,146.0,0.000815461428455,0.000706857343848,0.695020292366992,True,0.000731717096361,True,4.0,relu,0.5,4.0,2.0,4.0,relu,"(3, 3)",32.0,1.0,tanh,102.0,5.0,10.0,15.0,True,False,,,,0.1175421625375747,0.1680320352315902,0.0608366727828979,0.0141042107716202,FINISHED,,6713.869862318039,,0.0518690193747615,1.094393961508079,-0.3608987126404583,102.38227882882592,rnn,rnn_rnn_rna,,171.6931457088545
False,100,234.0,,0,2413008439358e9ab5c9484f52ab37acbaa47bd7,3e36db4c220b75ab44cbf89ce27965cff2e47c78,,43.0,298.0,0.000472214925162,0.000119594245938,0.656645560504258,True,0.000716112339351,True,4.0,relu,0.5,4.0,3.0,4.0,relu,"(3, 3)",32.0,1.0,relu,186.0,5.0,10.0,15.0,True,False,,,,0.1306636184453964,0.1867205649614334,0.0676630511879921,0.015679495409131,FINISHED,,5686.375670194626,,1.216206851751187,-0.3828832994279527,0.1119646434313244,101.20792544509251,rnn,rnn_rnn_rna,,254.1934359909122
False,100,238.0,,0,d1855fc57459d803ce8e597a2eff05c1e1436c83,c69dedd6c373d3f8a4ca74174ef0fa250e761981,,33.0,164.0,0.000249292229149,0.000410382923036,0.282920382968694,False,0.000757995627158,True,4.0,relu,0.5,4.0,2.0,4.0,relu,"(3, 3)",32.0,1.0,LeakyReLU,162.0,5.0,10.0,15.0,True,False,,,,0.1490693092346191,0.2371782958507537,0.0776704773306846,0.0206744261085987,FINISHED,,2456.0651240348816,,0.5354656587639881,-0.2942171460133911,-0.4471416286265315,41.62539453506172,rnn,rnn_rnn_rna,,157.9502905827536
False,100,164.0,,0,5c1a7f49748a86527a04e8e089b8e3307be6c98b,afa972e139ee61e2e4a9b7a3e98b313eab06fc8c,,45.0,220.0,0.000703018958895,0.000363629602379,0.848618733521267,True,0.000972064261894,True,4.0,relu,0.5,4.0,2.0,4.0,relu,"(3, 3)",32.0,1.0,LeakyReLU,126.0,5.0,10.0,15.0,True,False,,,,0.3231157660484314,0.5254769921302795,0.3633040189743042,0.0543437637388706,FINISHED,,4377.482563972473,,-0.4960957389376186,-0.0657843790585395,-0.2702692653326344,123.79409703351646,rnn,rnn_rnn_rna,,199.44970117847708
False,100,92.0,,0,c35819e4ff52dcf8008bf46130c1854b5f581563,8005b0a5f0128e7553f1ebb1b18dcf803f2b6673,,52.0,391.0,0.000489452760278,0.000985650454111,0.817439297369988,False,0.000249634718796,True,4.0,relu,0.5,4.0,4.0,4.0,relu,"(3, 3)",32.0,1.0,relu,110.0,5.0,10.0,15.0,True,False,,,,0.1354660987854004,0.2074562907218933,0.1150253340601921,0.0178593732416629,FINISHED,,3761.605937480928,,0.0596809887549352,0.4953580464577229,-0.4070424975000213,91.2791813094584,rnn,rnn_rnn_rna,,147.52750879847994
False,100,114.0,,0,6ba99d272f15da068abe2429d51b5f4eac34edf4,8cca9a22d53b108815642f1242f87a6468878bbe,,62.0,459.0,0.000659984046034,0.000817222200201,0.832224256450707,False,0.000559648803483,True,4.0,relu,0.5,4.0,2.0,4.0,relu,"(3, 3)",32.0,1.0,relu,232.0,5.0,10.0,15.0,True,False,,,,0.1314935237169265,0.2011058032512664,0.0703877285122871,0.0171532165259122,FINISHED,,1518.6311979293823,,0.8718754762049319,-0.2349581117080135,0.172132702100517,75.32086477587274,rnn,rnn_rnn_rna,,118.62055356117985
False,100,152.0,,1,a69f2c12bd5b43be3a656f75ba0b7cd14358b995,cc270835889fcf9b6dbe3a3a707f6336112276f5,,46.0,168.0,0.000785175961393,0.000199673782158,0.262930183681696,True,0.000519092094029,True,4.0,relu,0.5,4.0,2.0,4.0,relu,"(3, 3)",32.0,1.0,relu,134.0,5.0,10.0,15.0,True,False,,,,0.0901133492588996,0.133493036031723,0.0446428246796131,0.0119908871129155,FINISHED,,3919.461555719376,,0.0984844859190754,0.0724582803960838,0.7137057894447589,82.35043171254875,rnn,rnn_rnn_rna,,221.50897038028768
False,100,179.0,,1,e8b73fd08fce02eb2fdae8baade50cca67d1a0ce,da575f1434e2584fabfe66cdaf025292fd37708f,,55.0,173.0,0.000708072577796,2.0584494296e-05,0.05227525095138,True,0.00097021075364,True,4.0,relu,0.5,4.0,2.0,4.0,relu,"(3, 3)",32.0,1.0,relu,230.0,5.0,10.0,15.0,True,False,,,,0.0899193361401557,0.1317372173070907,0.0666526407003402,0.0117546617984771,FINISHED,,5087.338865280151,,0.2390802376947249,0.6873169683940732,-0.1979627191151269,109.23357576964725,rnn,rnn_rnn_rna,,136.36499344142013
False,100,152.0,,2,a69f2c12bd5b43be3a656f75ba0b7cd14358b995,3f8e00988292b02681ccf57df3baa4a64ffe1aca,,46.0,168.0,0.000785175961393,0.000199673782158,0.262930183681696,True,0.000519092094029,True,4.0,relu,0.5,4.0,2.0,4.0,relu,"(3, 3)",32.0,1.0,relu,134.0,5.0,10.0,15.0,True,False,,,,0.0966347008943557,0.1475904285907745,0.1383088231086731,0.0134894242510199,FINISHED,,3695.453017473221,,0.0984844859190754,0.0724582803960838,0.7137057894447589,82.35043171254875,rnn,rnn_rnn_rna,,221.50897038028768
False,100,179.0,,2,e8b73fd08fce02eb2fdae8baade50cca67d1a0ce,c17f25723b4321e9278ae954ba73c6256a8d9cf3,,55.0,173.0,0.000708072577796,2.0584494296e-05,0.05227525095138,True,0.00097021075364,True,4.0,relu,0.5,4.0,2.0,4.0,relu,"(3, 3)",32.0,1.0,relu,230.0,5.0,10.0,15.0,True,False,,,,0.3361259698867798,0.5560979247093201,0.4124225974082947,0.0575472526252269,FINISHED,,5513.342576503754,,0.2390802376947249,0.6873169683940732,-0.1979627191151269,109.23357576964725,rnn,rnn_rnn_rna,,136.36499344142013
False,100,152.0,,3,a69f2c12bd5b43be3a656f75ba0b7cd14358b995,f83ff4b19cc59c13996bdbbc7e41a12588a1598f,,46.0,168.0,0.000785175961393,0.000199673782158,0.262930183681696,True,0.000519092094029,True,4.0,relu,0.5,4.0,2.0,4.0,relu,"(3, 3)",32.0,1.0,relu,134.0,5.0,10.0,15.0,True,False,,,,0.1234074234962463,0.1795784384012222,0.0710544288158416,0.0152643611654639,FINISHED,,4249.014861345291,,0.0984844859190754,0.0724582803960838,0.7137057894447589,82.35043171254875,rnn,rnn_rnn_rna,,221.50897038028768
False,100,152.0,,4,a69f2c12bd5b43be3a656f75ba0b7cd14358b995,30c4b6b4f021046b41c60b5daede878b63ec117a,,46.0,168.0,0.000785175961393,0.000199673782158,0.262930183681696,True,0.000519092094029,True,4.0,relu,0.5,4.0,2.0,4.0,relu,"(3, 3)",32.0,1.0,relu,134.0,5.0,10.0,15.0,True,False,,,,0.0885040163993835,0.1314747482538223,0.0341249704360961,0.0124743031337857,FINISHED,,7805.629607200623,,0.0984844859190754,0.0724582803960838,0.7137057894447589,82.35043171254875,rnn,rnn_rnn_rna,,221.50897038028768
False,100,65.0,,1,98582ef6ea541c73e3b53e172d18e8deb12b268c,d786ee04c80b829f7a28dd38d136607017b6ce1d,,37.0,146.0,0.000815461428455,0.000706857343848,0.695020292366992,True,0.000731717096361,True,4.0,relu,0.5,4.0,2.0,4.0,relu,"(3, 3)",32.0,1.0,tanh,102.0,5.0,10.0,15.0,True,False,,,,0.0920710414648056,0.1386129856109619,0.0399850979447364,0.0125808920711278,FINISHED,,9123.191866636276,,0.0518690193747615,1.094393961508079,-0.3608987126404583,102.38227882882592,rnn,rnn_rnn_rna,,171.6931457088545
False,100,65.0,,2,98582ef6ea541c73e3b53e172d18e8deb12b268c,b5628a6d503d5bf76e23bf219b0dddff8d5a0428,,37.0,146.0,0.000815461428455,0.000706857343848,0.695020292366992,True,0.000731717096361,True,4.0,relu,0.5,4.0,2.0,4.0,relu,"(3, 3)",32.0,1.0,tanh,102.0,5.0,10.0,15.0,True,False,,,,0.1089211404323577,0.1577930897474289,0.0783499330282211,0.0132121564820408,FINISHED,,5286.357992649078,,0.0518690193747615,1.094393961508079,-0.3608987126404583,102.38227882882592,rnn,rnn_rnn_rna,,171.6931457088545
False,100,238.0,,1,d1855fc57459d803ce8e597a2eff05c1e1436c83,8bb8226429b75f3ebad16f11c33993c9104ec51f,,33.0,164.0,0.000249292229149,0.000410382923036,0.282920382968694,False,0.000757995627158,True,4.0,relu,0.5,4.0,2.0,4.0,relu,"(3, 3)",32.0,1.0,LeakyReLU,162.0,5.0,10.0,15.0,True,False,,,,0.0964574664831161,0.1426814645528793,0.0375019535422325,0.0129592129960656,FINISHED,,3131.471080303192,,0.5354656587639881,-0.2942171460133911,-0.4471416286265315,41.62539453506172,rnn,rnn_rnn_rna,,157.9502905827536
False,100,238.0,,2,d1855fc57459d803ce8e597a2eff05c1e1436c83,b84af7848821a0a5cbf09deb469673bd46667622,,33.0,164.0,0.000249292229149,0.000410382923036,0.282920382968694,False,0.000757995627158,True,4.0,relu,0.5,4.0,2.0,4.0,relu,"(3, 3)",32.0,1.0,LeakyReLU,162.0,5.0,10.0,15.0,True,False,,,,0.1020736247301101,0.1487083882093429,0.0423154942691326,0.0126637360081076,FINISHED,,2403.9722809791565,,0.5354656587639881,-0.2942171460133911,-0.4471416286265315,41.62539453506172,rnn,rnn_rnn_rna,,157.9502905827536
False,100,65.0,,3,98582ef6ea541c73e3b53e172d18e8deb12b268c,d1abba7a0d868a247d03e7103a101b3023980bc4,,37.0,146.0,0.000815461428455,0.000706857343848,0.695020292366992,True,0.000731717096361,True,4.0,relu,0.5,4.0,2.0,4.0,relu,"(3, 3)",32.0,1.0,tanh,102.0,5.0,10.0,15.0,True,False,,,,0.1225242391228675,0.1782314479351043,0.065891683101654,0.0152150960639119,FINISHED,,5359.254427433014,,0.0518690193747615,1.094393961508079,-0.3608987126404583,102.38227882882592,rnn,rnn_rnn_rna,,171.6931457088545
False,100,238.0,,3,d1855fc57459d803ce8e597a2eff05c1e1436c83,5d63f2e4c9cce9d42b5d2fcc2b62d94471b809e6,,33.0,164.0,0.000249292229149,0.000410382923036,0.282920382968694,False,0.000757995627158,True,4.0,relu,0.5,4.0,2.0,4.0,relu,"(3, 3)",32.0,1.0,LeakyReLU,162.0,5.0,10.0,15.0,True,False,,,,0.1285483092069625,0.1850295811891555,0.0639453008770942,0.0157108139246702,FINISHED,,1982.4839141368864,,0.5354656587639881,-0.2942171460133911,-0.4471416286265315,41.62539453506172,rnn,rnn_rnn_rna,,157.9502905827536
False,100,238.0,,4,d1855fc57459d803ce8e597a2eff05c1e1436c83,a593cde7b5d603c39002812970535314e25f3cb3,,33.0,164.0,0.000249292229149,0.000410382923036,0.282920382968694,False,0.000757995627158,True,4.0,relu,0.5,4.0,2.0,4.0,relu,"(3, 3)",32.0,1.0,LeakyReLU,162.0,5.0,10.0,15.0,True,False,,,,0.1139649301767349,0.1655197292566299,0.0502357706427574,0.0157463774085044,FINISHED,,1985.089241743088,,0.5354656587639881,-0.2942171460133911,-0.4471416286265315,41.62539453506172,rnn,rnn_rnn_rna,,157.9502905827536
False,100,65.0,,4,98582ef6ea541c73e3b53e172d18e8deb12b268c,cf99e889631e574113cf3cae0ec43b6a82290ea0,,37.0,146.0,0.000815461428455,0.000706857343848,0.695020292366992,True,0.000731717096361,True,4.0,relu,0.5,4.0,2.0,4.0,relu,"(3, 3)",32.0,1.0,tanh,102.0,5.0,10.0,15.0,True,False,,,,0.1047224700450897,0.1572299301624298,0.0759128108620643,0.0151002770289778,FINISHED,,5350.978679656982,,0.0518690193747615,1.094393961508079,-0.3608987126404583,102.38227882882592,rnn,rnn_rnn_rna,,171.6931457088545
False,100,92.0,,1,c35819e4ff52dcf8008bf46130c1854b5f581563,b1f241c4d74e061a31347bb072f71f75036c7baf,,52.0,391.0,0.000489452760278,0.000985650454111,0.817439297369988,False,0.000249634718796,True,4.0,relu,0.5,4.0,4.0,4.0,relu,"(3, 3)",32.0,1.0,relu,110.0,5.0,10.0,15.0,True,False,,,,0.1043318808078765,0.1584577113389969,0.0555364042520523,0.0144005445763468,FINISHED,,6228.727331876755,,0.0596809887549352,0.4953580464577229,-0.4070424975000213,91.2791813094584,rnn,rnn_rnn_rna,,147.52750879847994
False,100,92.0,,2,c35819e4ff52dcf8008bf46130c1854b5f581563,354399f63b7a108931157ab050b9fdb10e9dd6a8,,52.0,391.0,0.000489452760278,0.000985650454111,0.817439297369988,False,0.000249634718796,True,4.0,relu,0.5,4.0,4.0,4.0,relu,"(3, 3)",32.0,1.0,relu,110.0,5.0,10.0,15.0,True,False,,,,0.1000472903251648,0.1493979394435882,0.0459751524031162,0.0128948576748371,FINISHED,,7896.268611431122,,0.0596809887549352,0.4953580464577229,-0.4070424975000213,91.2791813094584,rnn,rnn_rnn_rna,,147.52750879847994
False,100,92.0,,3,c35819e4ff52dcf8008bf46130c1854b5f581563,4a5ee84ac2351646d111ee6069759dabc90fa284,,52.0,391.0,0.000489452760278,0.000985650454111,0.817439297369988,False,0.000249634718796,True,4.0,relu,0.5,4.0,4.0,4.0,relu,"(3, 3)",32.0,1.0,relu,110.0,5.0,10.0,15.0,True,False,,,,0.1160680949687957,0.1772898882627487,0.1072503104805946,0.0152307394891977,FINISHED,,3757.557237625122,,0.0596809887549352,0.4953580464577229,-0.4070424975000213,91.2791813094584,rnn,rnn_rnn_rna,,147.52750879847994
False,100,92.0,,4,c35819e4ff52dcf8008bf46130c1854b5f581563,60746aa134451329c1fc5789dc49d0c22a7b7e98,,52.0,391.0,0.000489452760278,0.000985650454111,0.817439297369988,False,0.000249634718796,True,4.0,relu,0.5,4.0,4.0,4.0,relu,"(3, 3)",32.0,1.0,relu,110.0,5.0,10.0,15.0,True,False,,,,0.1023919284343719,0.1574829369783401,0.0533583983778953,0.0145783172920346,FINISHED,,4561.711524248123,,0.0596809887549352,0.4953580464577229,-0.4070424975000213,91.2791813094584,rnn,rnn_rnn_rna,,147.52750879847994
False,100,114.0,,1,6ba99d272f15da068abe2429d51b5f4eac34edf4,3afc62b80e8b041f2e946ecb81c9856dd5ad2012,,62.0,459.0,0.000659984046034,0.000817222200201,0.832224256450707,False,0.000559648803483,True,4.0,relu,0.5,4.0,2.0,4.0,relu,"(3, 3)",32.0,1.0,relu,232.0,5.0,10.0,15.0,True,False,,,,0.1014661639928817,0.1526002436876297,0.0467462167143821,0.0139129161834716,FINISHED,,5967.765248537064,,0.8718754762049319,-0.2349581117080135,0.172132702100517,75.32086477587274,rnn,rnn_rnn_rna,,118.62055356117985
False,100,187.0,,0,f6754f479fd9939af8fca7c4f8645a041bb96225,a63ebdc605fcb43e8131fb3bc54178880d9f41f7,,43.0,365.0,8.4139964995e-05,0.000161628714095,0.798377781838606,True,0.000899568646642,True,4.0,relu,0.5,4.0,2.0,4.0,relu,"(3, 3)",32.0,1.0,tanh,214.0,5.0,10.0,15.0,True,False,,,,0.1120819225907325,0.160998061299324,0.0492391176521778,0.0137323085218667,FINISHED,,4620.791252851486,,1.290836114326661,0.1884191492253217,0.9419113577404788,83.92005468187408,rnn,rnn_rnn_rna,,120.29430857320642
False,100,114.0,,2,6ba99d272f15da068abe2429d51b5f4eac34edf4,005516750af4d8a6393f11c815975b607e123fc4,,62.0,459.0,0.000659984046034,0.000817222200201,0.832224256450707,False,0.000559648803483,True,4.0,relu,0.5,4.0,2.0,4.0,relu,"(3, 3)",32.0,1.0,relu,232.0,5.0,10.0,15.0,True,False,,,,0.1044531762599945,0.1569249927997589,0.0478613749146461,0.0135958213359117,FINISHED,,4310.492777824402,,0.8718754762049319,-0.2349581117080135,0.172132702100517,75.32086477587274,rnn,rnn_rnn_rna,,118.62055356117985
False,100,114.0,,3,6ba99d272f15da068abe2429d51b5f4eac34edf4,c722514ca149b667778a3990414ff299fadb5847,,62.0,459.0,0.000659984046034,0.000817222200201,0.832224256450707,False,0.000559648803483,True,4.0,relu,0.5,4.0,2.0,4.0,relu,"(3, 3)",32.0,1.0,relu,232.0,5.0,10.0,15.0,True,False,,,,0.1177529841661453,0.1748741269111633,0.063928984105587,0.0150020830333232,FINISHED,,1513.4770464897156,,0.8718754762049319,-0.2349581117080135,0.172132702100517,75.32086477587274,rnn,rnn_rnn_rna,,118.62055356117985
False,100,187.0,,1,f6754f479fd9939af8fca7c4f8645a041bb96225,71b48d6be112f69a06ae12da47b48931890d7cb3,,43.0,365.0,8.4139964995e-05,0.000161628714095,0.798377781838606,True,0.000899568646642,True,4.0,relu,0.5,4.0,2.0,4.0,relu,"(3, 3)",32.0,1.0,tanh,214.0,5.0,10.0,15.0,True,False,,,,0.0944242775440216,0.1393185704946518,0.0378901623189449,0.0126468790695071,FINISHED,,3276.9785039424896,,1.290836114326661,0.1884191492253217,0.9419113577404788,83.92005468187408,rnn,rnn_rnn_rna,,120.29430857320642
False,100,114.0,,4,6ba99d272f15da068abe2429d51b5f4eac34edf4,405a49c5f075f44fe34cccb30ae10ca347913e17,,62.0,459.0,0.000659984046034,0.000817222200201,0.832224256450707,False,0.000559648803483,True,4.0,relu,0.5,4.0,2.0,4.0,relu,"(3, 3)",32.0,1.0,relu,232.0,5.0,10.0,15.0,True,False,,,,0.1406607925891876,0.2222021669149398,0.0703373476862907,0.0200841836631298,FINISHED,,1677.2275347709656,,0.8718754762049319,-0.2349581117080135,0.172132702100517,75.32086477587274,rnn,rnn_rnn_rna,,118.62055356117985
False,100,187.0,,2,f6754f479fd9939af8fca7c4f8645a041bb96225,c27aedff4ba0fb82095987519474cc2aa01b481a,,43.0,365.0,8.4139964995e-05,0.000161628714095,0.798377781838606,True,0.000899568646642,True,4.0,relu,0.5,4.0,2.0,4.0,relu,"(3, 3)",32.0,1.0,tanh,214.0,5.0,10.0,15.0,True,False,,,,0.1021312996745109,0.143055647611618,0.0450159683823585,0.0123714208602905,FINISHED,,3279.918347597122,,1.290836114326661,0.1884191492253217,0.9419113577404788,83.92005468187408,rnn,rnn_rnn_rna,,120.29430857320642
False,100,126.0,,0,68da94917b68d6ed0e51fd768d729fdc6c51191f,06a3dd9eaeeaa34ab718716e1837535547cb4ba4,,50.0,247.0,0.000746491405118,0.000649632899047,0.640961299212782,False,0.000850731176389,True,4.0,relu,0.5,4.0,3.0,4.0,relu,"(3, 3)",32.0,1.0,relu,110.0,5.0,10.0,15.0,True,False,,,,0.1495195776224136,0.2381485998630523,0.0911079943180084,0.020755261182785,FINISHED,,6713.116941452026,,-0.4998768323075626,0.8737903953853865,0.793922519005201,89.65264393763846,rnn,rnn_rnn_rna,,118.7349535656185
False,100,187.0,,3,f6754f479fd9939af8fca7c4f8645a041bb96225,f48f5a6241b591cda409ee14adf1f1d4c5edc5dd,,43.0,365.0,8.4139964995e-05,0.000161628714095,0.798377781838606,True,0.000899568646642,True,4.0,relu,0.5,4.0,2.0,4.0,relu,"(3, 3)",32.0,1.0,tanh,214.0,5.0,10.0,15.0,True,False,,,,0.1154096871614456,0.1678198873996734,0.0524013973772525,0.0139093026518821,FINISHED,,4981.2481479644775,,1.290836114326661,0.1884191492253217,0.9419113577404788,83.92005468187408,rnn,rnn_rnn_rna,,120.29430857320642
False,100,187.0,,4,f6754f479fd9939af8fca7c4f8645a041bb96225,4663ef6d2e673ad9dc9e052e946fa7cd63f7fc36,,43.0,365.0,8.4139964995e-05,0.000161628714095,0.798377781838606,True,0.000899568646642,True,4.0,relu,0.5,4.0,2.0,4.0,relu,"(3, 3)",32.0,1.0,tanh,214.0,5.0,10.0,15.0,True,False,,,,0.0998175516724586,0.1472728997468948,0.0470627583563327,0.0140653708949685,FINISHED,,2849.122065782547,,1.290836114326661,0.1884191492253217,0.9419113577404788,83.92005468187408,rnn,rnn_rnn_rna,,120.29430857320642
False,100,126.0,,1,68da94917b68d6ed0e51fd768d729fdc6c51191f,574dc270779c7e90f4a08fba47feda62d95b0ab6,,50.0,247.0,0.000746491405118,0.000649632899047,0.640961299212782,False,0.000850731176389,True,4.0,relu,0.5,4.0,3.0,4.0,relu,"(3, 3)",32.0,1.0,relu,110.0,5.0,10.0,15.0,True,False,,,,0.0987331047654151,0.1415012031793594,0.0625776425004005,0.0126447333022952,FINISHED,,6159.836765766144,,-0.4998768323075626,0.8737903953853865,0.793922519005201,89.65264393763846,rnn,rnn_rnn_rna,,118.7349535656185
False,100,175.0,,0,b99871ff04d96360c162cd9335b7299f76007a37,fc844125bbf3884e8c2caa8f7cb059a3f79f08e2,,63.0,171.0,0.000492517693819,0.000195242987798,0.715330173187484,False,0.000725227594109,True,4.0,relu,0.5,4.0,2.0,4.0,relu,"(3, 3)",32.0,1.0,LeakyReLU,161.0,5.0,10.0,15.0,True,False,,,,0.1475939750671386,0.235201895236969,0.0857192352414131,0.0205380972474813,FINISHED,,3793.2077896595,,0.0204047353634508,0.2761954493335208,1.2740931103542266,47.44650459337585,rnn,rnn_rnn_rna,,229.0944591814336
False,100,175.0,,1,b99871ff04d96360c162cd9335b7299f76007a37,e465576fdf9d0c7d53c3dae2e747d34c2a57fc76,,63.0,171.0,0.000492517693819,0.000195242987798,0.715330173187484,False,0.000725227594109,True,4.0,relu,0.5,4.0,2.0,4.0,relu,"(3, 3)",32.0,1.0,LeakyReLU,161.0,5.0,10.0,15.0,True,False,,,,0.0990340635180473,0.1401756852865219,0.0624557025730609,0.0124399829655885,FINISHED,,3930.5598719120026,,0.0204047353634508,0.2761954493335208,1.2740931103542266,47.44650459337585,rnn,rnn_rnn_rna,,229.0944591814336
False,100,175.0,,2,b99871ff04d96360c162cd9335b7299f76007a37,546649e39660dcca2be8d19e1e3517386ca889dd,,63.0,171.0,0.000492517693819,0.000195242987798,0.715330173187484,False,0.000725227594109,True,4.0,relu,0.5,4.0,2.0,4.0,relu,"(3, 3)",32.0,1.0,LeakyReLU,161.0,5.0,10.0,15.0,True,False,,,,0.1016112118959426,0.1460982412099838,0.0632862076163292,0.0124833527952432,FINISHED,,4533.903655052185,,0.0204047353634508,0.2761954493335208,1.2740931103542266,47.44650459337585,rnn,rnn_rnn_rna,,229.0944591814336
False,100,175.0,,3,b99871ff04d96360c162cd9335b7299f76007a37,ab9886198dc49ad24b692e99ac939b08f5f732bc,,63.0,171.0,0.000492517693819,0.000195242987798,0.715330173187484,False,0.000725227594109,True,4.0,relu,0.5,4.0,2.0,4.0,relu,"(3, 3)",32.0,1.0,LeakyReLU,161.0,5.0,10.0,15.0,True,False,,,,0.1260367780923843,0.1843771487474441,0.0850423350930213,0.0156034315004944,FINISHED,,3640.646271467209,,0.0204047353634508,0.2761954493335208,1.2740931103542266,47.44650459337585,rnn,rnn_rnn_rna,,229.0944591814336
False,100,249.0,,0,b7ec4f5acd879a13b8c0ea0cccc2aeb886075ef5,62de05bcb940a18a14bd78911eedb3376dc2a425,,61.0,323.0,0.000853009455467,0.00029444889207,0.385365733485583,True,0.000391246751316,True,4.0,relu,0.5,4.0,2.0,4.0,relu,"(3, 3)",32.0,1.0,tanh,250.0,5.0,10.0,15.0,True,False,,,,0.1180948838591575,0.1674135476350784,0.0547083206474781,0.0141041642054915,FINISHED,,4166.421599149704,,1.3709171687058286,0.2303174005108887,-0.4790867669422651,111.32730720988798,rnn,rnn_rnn_rna,,133.8985493372185
False,100,175.0,,4,b99871ff04d96360c162cd9335b7299f76007a37,f8fc711485089d940d7d22e01147c2fc6d91b9a7,,63.0,171.0,0.000492517693819,0.000195242987798,0.715330173187484,False,0.000725227594109,True,4.0,relu,0.5,4.0,2.0,4.0,relu,"(3, 3)",32.0,1.0,LeakyReLU,161.0,5.0,10.0,15.0,True,False,,,,0.096707209944725,0.1447087675333023,0.0588769651949405,0.0136521561071276,FINISHED,,4087.43771147728,,0.0204047353634508,0.2761954493335208,1.2740931103542266,47.44650459337585,rnn,rnn_rnn_rna,,229.0944591814336
False,100,249.0,,1,b7ec4f5acd879a13b8c0ea0cccc2aeb886075ef5,ddf3663e6f413cf999fa2fc0d65449f0a05ca248,,61.0,323.0,0.000853009455467,0.00029444889207,0.385365733485583,True,0.000391246751316,True,4.0,relu,0.5,4.0,2.0,4.0,relu,"(3, 3)",32.0,1.0,tanh,250.0,5.0,10.0,15.0,True,False,,,,0.0895969942212104,0.133775845170021,0.0333455391228199,0.0121922483667731,FINISHED,,4053.364844083786,,1.3709171687058286,0.2303174005108887,-0.4790867669422651,111.32730720988798,rnn,rnn_rnn_rna,,133.8985493372185
False,100,249.0,,2,b7ec4f5acd879a13b8c0ea0cccc2aeb886075ef5,03bfa0574d27c4c615b5e7bce86e4329fd823a57,,61.0,323.0,0.000853009455467,0.00029444889207,0.385365733485583,True,0.000391246751316,True,4.0,relu,0.5,4.0,2.0,4.0,relu,"(3, 3)",32.0,1.0,tanh,250.0,5.0,10.0,15.0,True,False,,,,0.1006270200014114,0.1446283459663391,0.0430020913481712,0.012398662045598,FINISHED,,2545.805310487747,,1.3709171687058286,0.2303174005108887,-0.4790867669422651,111.32730720988798,rnn,rnn_rnn_rna,,133.8985493372185
False,100,232.0,,0,005b66af74a57e41a3a920bc2961c69f3398efff,352a3702b84331b8987660992b7ab19cb7ff337f,,50.0,424.0,0.000740768617754,0.000697015740995,0.126075613712872,True,0.000705459243147,True,4.0,relu,0.5,4.0,2.0,4.0,relu,"(3, 3)",32.0,1.0,tanh,164.0,5.0,10.0,15.0,True,False,,,,0.1219018548727035,0.1729999184608459,0.0567228831350803,0.0146015034988522,FINISHED,,6415.696353673935,,1.362309548321562,-0.3156470124584629,0.7200144533983395,56.26300893661258,rnn,rnn_rnn_rna,,261.8722310957027
False,100,249.0,,3,b7ec4f5acd879a13b8c0ea0cccc2aeb886075ef5,ebd636550de029ba8acfce1f09582c0a334a5581,,61.0,323.0,0.000853009455467,0.00029444889207,0.385365733485583,True,0.000391246751316,True,4.0,relu,0.5,4.0,2.0,4.0,relu,"(3, 3)",32.0,1.0,tanh,250.0,5.0,10.0,15.0,True,False,,,,0.1197885274887085,0.1808430701494217,0.0577884018421173,0.0151995150372385,FINISHED,,2226.900183916092,,1.3709171687058286,0.2303174005108887,-0.4790867669422651,111.32730720988798,rnn,rnn_rnn_rna,,133.8985493372185
False,100,249.0,,4,b7ec4f5acd879a13b8c0ea0cccc2aeb886075ef5,c5f98f2ed93ce475c5864d3ee1a7bc7e8b2665d4,,61.0,323.0,0.000853009455467,0.00029444889207,0.385365733485583,True,0.000391246751316,True,4.0,relu,0.5,4.0,2.0,4.0,relu,"(3, 3)",32.0,1.0,tanh,250.0,5.0,10.0,15.0,True,False,,,,0.1118051782250404,0.1695163547992706,0.0509710237383842,0.0159421544522047,FINISHED,,2129.0362215042114,,1.3709171687058286,0.2303174005108887,-0.4790867669422651,111.32730720988798,rnn,rnn_rnn_rna,,133.8985493372185
False,100,232.0,,1,005b66af74a57e41a3a920bc2961c69f3398efff,dd705d9a02da8409b052bd3e24aaea240930c1fb,,50.0,424.0,0.000740768617754,0.000697015740995,0.126075613712872,True,0.000705459243147,True,4.0,relu,0.5,4.0,2.0,4.0,relu,"(3, 3)",32.0,1.0,tanh,164.0,5.0,10.0,15.0,True,False,,,,0.0896649211645126,0.133417010307312,0.0319360494613647,0.0120407724753022,FINISHED,,4578.247606754303,,1.362309548321562,-0.3156470124584629,0.7200144533983395,56.26300893661258,rnn,rnn_rnn_rna,,261.8722310957027
False,100,235.0,,0,4e4521c6e876ae5f79da0d7cade83173bd7369ca,6930805b4ff8fe593206b4f06ce593676d1205b5,,48.0,317.0,0.000337995156852,0.00037558295264,0.631770189531933,True,0.000103042120442,True,4.0,relu,0.5,4.0,2.0,4.0,relu,"(3, 3)",32.0,1.0,LeakyReLU,217.0,5.0,10.0,15.0,True,False,,,,0.1173201724886894,0.168703407049179,0.0571749545633792,0.0144061464816331,FINISHED,,5150.282407045364,,1.2241446371602074,0.4930325893743992,1.0865903579335503,80.76737579157148,rnn,rnn_rnn_rna,,193.11960362649205
False,100,232.0,,2,005b66af74a57e41a3a920bc2961c69f3398efff,c6b67208c67a1248891a1ad43932fe114330c720,,50.0,424.0,0.000740768617754,0.000697015740995,0.126075613712872,True,0.000705459243147,True,4.0,relu,0.5,4.0,2.0,4.0,relu,"(3, 3)",32.0,1.0,tanh,164.0,5.0,10.0,15.0,True,False,,,,0.107763223350048,0.1533665210008621,0.0459443815052509,0.0132690966129302,FINISHED,,4579.079164743424,,1.362309548321562,-0.3156470124584629,0.7200144533983395,56.26300893661258,rnn,rnn_rnn_rna,,261.8722310957027
False,100,235.0,,1,4e4521c6e876ae5f79da0d7cade83173bd7369ca,8dbff476c4f3d598291542ba57628af617ceeacf,,48.0,317.0,0.000337995156852,0.00037558295264,0.631770189531933,True,0.000103042120442,True,4.0,relu,0.5,4.0,2.0,4.0,relu,"(3, 3)",32.0,1.0,LeakyReLU,217.0,5.0,10.0,15.0,True,False,,,,0.0951142534613609,0.1302272081375122,0.042835172265768,0.0112074567005038,FINISHED,,4881.763506650925,,1.2241446371602074,0.4930325893743992,1.0865903579335503,80.76737579157148,rnn,rnn_rnn_rna,,193.11960362649205
False,100,232.0,,3,005b66af74a57e41a3a920bc2961c69f3398efff,8bf7ccd45454d353c768be17ec25111d4f474205,,50.0,424.0,0.000740768617754,0.000697015740995,0.126075613712872,True,0.000705459243147,True,4.0,relu,0.5,4.0,2.0,4.0,relu,"(3, 3)",32.0,1.0,tanh,164.0,5.0,10.0,15.0,True,False,,,,0.1231172084808349,0.1782788038253784,0.0579239949584007,0.0147967617958784,FINISHED,,5484.136050701141,,1.362309548321562,-0.3156470124584629,0.7200144533983395,56.26300893661258,rnn,rnn_rnn_rna,,261.8722310957027
False,100,232.0,,4,005b66af74a57e41a3a920bc2961c69f3398efff,48e7861c4f626c1131370c14be060e76d1eb88cc,,50.0,424.0,0.000740768617754,0.000697015740995,0.126075613712872,True,0.000705459243147,True,4.0,relu,0.5,4.0,2.0,4.0,relu,"(3, 3)",32.0,1.0,tanh,164.0,5.0,10.0,15.0,True,False,,,,0.1093484982848167,0.160464808344841,0.0466281697154045,0.015627697110176,FINISHED,,5486.643418312073,,1.362309548321562,-0.3156470124584629,0.7200144533983395,56.26300893661258,rnn,rnn_rnn_rna,,261.8722310957027
False,100,235.0,,2,4e4521c6e876ae5f79da0d7cade83173bd7369ca,e593209aecc4ededfd6daa02d2821e2d8a68028d,,48.0,317.0,0.000337995156852,0.00037558295264,0.631770189531933,True,0.000103042120442,True,4.0,relu,0.5,4.0,2.0,4.0,relu,"(3, 3)",32.0,1.0,LeakyReLU,217.0,5.0,10.0,15.0,True,False,,,,0.1012596189975738,0.1438565552234649,0.0449582040309906,0.0122986482456326,FINISHED,,8678.76493883133,,1.2241446371602074,0.4930325893743992,1.0865903579335503,80.76737579157148,rnn,rnn_rnn_rna,,193.11960362649205
False,100,212.0,,0,432869249e78f82decefc7ac6c260961e9eb09cf,1617d283453a7fcb231515a763f1b0d141e33f0a,,33.0,355.0,0.000215821027497,0.000622890475819,0.114354461386696,True,9.4493990344e-05,True,4.0,relu,0.5,4.0,3.0,4.0,relu,"(3, 3)",32.0,1.0,LeakyReLU,164.0,5.0,10.0,15.0,True,False,,,,0.1906358748674392,0.2843551933765411,0.154298722743988,0.0284874252974987,FINISHED,,6652.456423044205,,0.0630825042565688,-0.4353036225015712,1.1352011213193165,21.78835277088406,rnn,rnn_rnn_rna,,208.1270243220213
False,100,235.0,,3,4e4521c6e876ae5f79da0d7cade83173bd7369ca,ab35413e94b6b6e28f0f46a6306609418c4483b6,,48.0,317.0,0.000337995156852,0.00037558295264,0.631770189531933,True,0.000103042120442,True,4.0,relu,0.5,4.0,2.0,4.0,relu,"(3, 3)",32.0,1.0,LeakyReLU,217.0,5.0,10.0,15.0,True,False,,,,0.1219779103994369,0.1758444011211395,0.0613075718283653,0.0149037018418312,FINISHED,,5909.726252317429,,1.2241446371602074,0.4930325893743992,1.0865903579335503,80.76737579157148,rnn,rnn_rnn_rna,,193.11960362649205
False,100,69.0,,0,43bb36cfa71dcbb11832aab18778f83e3285275f,55bda6275adceb5bc1f971ff44dc9e38195ab5d6,,49.0,200.0,0.000962648414678,0.000835980120512,0.395074278635072,True,0.000699014464033,True,4.0,relu,0.5,4.0,2.0,4.0,relu,"(3, 3)",32.0,1.0,relu,79.0,5.0,10.0,15.0,True,False,,,,0.1231220886111259,0.1755348742008209,0.0595031194388866,0.0148506378754973,FINISHED,,2996.792989253998,,0.9421826674453232,0.1359129458824919,1.080372389537407,61.80272977439823,rnn,rnn_rnn_rna,,131.2874085342172
False,100,235.0,,4,4e4521c6e876ae5f79da0d7cade83173bd7369ca,6a265495f2ed03307a6991b733734b293ef1cc61,,48.0,317.0,0.000337995156852,0.00037558295264,0.631770189531933,True,0.000103042120442,True,4.0,relu,0.5,4.0,2.0,4.0,relu,"(3, 3)",32.0,1.0,LeakyReLU,217.0,5.0,10.0,15.0,True,False,,,,0.0829320549964904,0.1236756965517997,0.0345651693642139,0.0116167347878217,FINISHED,,6263.690710783005,,1.2241446371602074,0.4930325893743992,1.0865903579335503,80.76737579157148,rnn,rnn_rnn_rna,,193.11960362649205
False,100,69.0,,1,43bb36cfa71dcbb11832aab18778f83e3285275f,75fa6c4d3a6940da2dd51754cda4131babe71c04,,49.0,200.0,0.000962648414678,0.000835980120512,0.395074278635072,True,0.000699014464033,True,4.0,relu,0.5,4.0,2.0,4.0,relu,"(3, 3)",32.0,1.0,relu,79.0,5.0,10.0,15.0,True,False,,,,0.0932629406452179,0.1367360204458236,0.0360169745981693,0.012227470986545,FINISHED,,4995.483884334564,,0.9421826674453232,0.1359129458824919,1.080372389537407,61.80272977439823,rnn,rnn_rnn_rna,,131.2874085342172
False,100,69.0,,2,43bb36cfa71dcbb11832aab18778f83e3285275f,7accf02e9ab4a0554663176fdba352102a661253,,49.0,200.0,0.000962648414678,0.000835980120512,0.395074278635072,True,0.000699014464033,True,4.0,relu,0.5,4.0,2.0,4.0,relu,"(3, 3)",32.0,1.0,relu,79.0,5.0,10.0,15.0,True,False,,,,0.098494216799736,0.1425839960575103,0.0460283309221267,0.0123907551169395,FINISHED,,1919.6786966323853,,0.9421826674453232,0.1359129458824919,1.080372389537407,61.80272977439823,rnn,rnn_rnn_rna,,131.2874085342172
False,100,69.0,,3,43bb36cfa71dcbb11832aab18778f83e3285275f,c3c71fe6e467930b5c129ce4750afd7ddc0eaa64,,49.0,200.0,0.000962648414678,0.000835980120512,0.395074278635072,True,0.000699014464033,True,4.0,relu,0.5,4.0,2.0,4.0,relu,"(3, 3)",32.0,1.0,relu,79.0,5.0,10.0,15.0,True,False,,,,0.1218205913901329,0.1754434406757354,0.0595507286489009,0.0149339865893125,FINISHED,,2536.208779335022,,0.9421826674453232,0.1359129458824919,1.080372389537407,61.80272977439823,rnn,rnn_rnn_rna,,131.2874085342172
False,100,69.0,,4,43bb36cfa71dcbb11832aab18778f83e3285275f,1e9fefe580e1146cca7de5e104133858990f0e51,,49.0,200.0,0.000962648414678,0.000835980120512,0.395074278635072,True,0.000699014464033,True,4.0,relu,0.5,4.0,2.0,4.0,relu,"(3, 3)",32.0,1.0,relu,79.0,5.0,10.0,15.0,True,False,,,,0.0880614817142486,0.1319957226514816,0.0338773503899574,0.0123352520167827,FINISHED,,2969.607661485672,,0.9421826674453232,0.1359129458824919,1.080372389537407,61.80272977439823,rnn,rnn_rnn_rna,,131.2874085342172
False,100,127.0,,0,492d1979f4cf35fc4366f525b23d4f8535a2e380,b0531147f651f318f34f3049e6860e423c452bef,,61.0,256.0,0.000756930652949,3.9244244697e-05,0.142347193577691,False,0.000412998052886,True,4.0,relu,0.5,4.0,2.0,4.0,relu,"(3, 3)",32.0,1.0,LeakyReLU,102.0,5.0,10.0,15.0,True,False,,,,0.1292870938777923,0.1849516034126281,0.0652492046356201,0.0154776750132441,FINISHED,,2718.1677861213684,,0.129396748794385,-0.073138750702135,0.9469727098824596,90.49267910431942,rnn,rnn_rnn_rna,,123.88345451552772
False,100,173.0,,0,f5f32fa8308231cccbffa333cb778026810e6982,506113add28813b72316a3dd23249b69317e786f,,51.0,211.0,0.000875673545477,0.000177557083979,0.706312581070145,True,0.000826348510987,True,4.0,relu,0.5,4.0,2.0,4.0,relu,"(3, 3)",32.0,1.0,LeakyReLU,130.0,5.0,10.0,15.0,True,False,,,,0.1618273854255676,0.2373908758163452,0.1249227300286293,0.019224502146244,FINISHED,,4593.153119802475,,-0.1368416055919956,-0.1048936399091708,1.0778281429931178,122.03405538458412,rnn,rnn_rnn_rna,,201.56421051563336
False,100,127.0,,1,492d1979f4cf35fc4366f525b23d4f8535a2e380,3eb551ab83b95509fe9916efcdbf58a386fb99e0,,61.0,256.0,0.000756930652949,3.9244244697e-05,0.142347193577691,False,0.000412998052886,True,4.0,relu,0.5,4.0,2.0,4.0,relu,"(3, 3)",32.0,1.0,LeakyReLU,102.0,5.0,10.0,15.0,True,False,,,,0.0922070518136024,0.1307736933231353,0.0391743071377277,0.011762274429202,FINISHED,,2194.0991184711456,,0.129396748794385,-0.073138750702135,0.9469727098824596,90.49267910431942,rnn,rnn_rnn_rna,,123.88345451552772
False,100,127.0,,2,492d1979f4cf35fc4366f525b23d4f8535a2e380,b34bcada20318669303c7667aa9c98d516d608e4,,61.0,256.0,0.000756930652949,3.9244244697e-05,0.142347193577691,False,0.000412998052886,True,4.0,relu,0.5,4.0,2.0,4.0,relu,"(3, 3)",32.0,1.0,LeakyReLU,102.0,5.0,10.0,15.0,True,False,,,,0.1011777892708778,0.142501026391983,0.041702814400196,0.0122120939195156,FINISHED,,4147.561834573746,,0.129396748794385,-0.073138750702135,0.9469727098824596,90.49267910431942,rnn,rnn_rnn_rna,,123.88345451552772
False,100,127.0,,3,492d1979f4cf35fc4366f525b23d4f8535a2e380,6a2a2ef7859a3be818003d05d1135ddbeeddd115,,61.0,256.0,0.000756930652949,3.9244244697e-05,0.142347193577691,False,0.000412998052886,True,4.0,relu,0.5,4.0,2.0,4.0,relu,"(3, 3)",32.0,1.0,LeakyReLU,102.0,5.0,10.0,15.0,True,False,,,,0.1284773349761963,0.1851440668106079,0.0678999423980712,0.015642138198018,FINISHED,,2612.0612840652466,,0.129396748794385,-0.073138750702135,0.9469727098824596,90.49267910431942,rnn,rnn_rnn_rna,,123.88345451552772
False,100,127.0,,4,492d1979f4cf35fc4366f525b23d4f8535a2e380,8f303c104f7dd2418a00abf1a44089f8ebda23a1,,61.0,256.0,0.000756930652949,3.9244244697e-05,0.142347193577691,False,0.000412998052886,True,4.0,relu,0.5,4.0,2.0,4.0,relu,"(3, 3)",32.0,1.0,LeakyReLU,102.0,5.0,10.0,15.0,True,False,,,,0.0968878865242004,0.1431473791599273,0.0391258001327514,0.0135923698544502,FINISHED,,3075.045844554901,,0.129396748794385,-0.073138750702135,0.9469727098824596,90.49267910431942,rnn,rnn_rnn_rna,,123.88345451552772
False,100,147.0,,0,6484b0d9ae8f1fec2f03827ebac9c61f7958c3a4,755c9ff85c38a54dd77aac70144d38b4dca17125,,53.0,162.0,0.000153674052858,0.00017679625087,0.017626929132958,True,0.000268336061557,True,4.0,relu,0.5,4.0,3.0,4.0,relu,"(3, 3)",32.0,1.0,relu,116.0,5.0,10.0,15.0,True,False,,,,0.1314204335212707,0.1909725964069366,0.0718802660703659,0.0161632094532251,FINISHED,,4541.819101333618,,1.1062902134636146,-0.4077867619540587,1.157523334426784,126.82641103037068,rnn,rnn_rnn_rna,,142.15003440969195
False,100,147.0,,1,6484b0d9ae8f1fec2f03827ebac9c61f7958c3a4,9fa5c0971277fc0a446e97197220d79cc30637cf,,53.0,162.0,0.000153674052858,0.00017679625087,0.017626929132958,True,0.000268336061557,True,4.0,relu,0.5,4.0,3.0,4.0,relu,"(3, 3)",32.0,1.0,relu,116.0,5.0,10.0,15.0,True,False,,,,0.0907485783100128,0.1267659366130828,0.0346790254116058,0.011163992807269,FINISHED,,5331.021163225174,,1.1062902134636146,-0.4077867619540587,1.157523334426784,126.82641103037068,rnn,rnn_rnn_rna,,142.15003440969195
False,100,147.0,,2,6484b0d9ae8f1fec2f03827ebac9c61f7958c3a4,0fa2f50cd2aa6143a4a4a9d9da612357a94476d9,,53.0,162.0,0.000153674052858,0.00017679625087,0.017626929132958,True,0.000268336061557,True,4.0,relu,0.5,4.0,3.0,4.0,relu,"(3, 3)",32.0,1.0,relu,116.0,5.0,10.0,15.0,True,False,,,,0.1094535663723945,0.1558263301849365,0.0478773228824138,0.0131929600611329,FINISHED,,4919.198970556259,,1.1062902134636146,-0.4077867619540587,1.157523334426784,126.82641103037068,rnn,rnn_rnn_rna,,142.15003440969195
False,100,226.0,,0,35716aacd1436e892dd878c1ec8260a48d42779b,be367f0212fbc4f1555fbf50cf271ccc30b4e2c7,,57.0,447.0,0.000116654472609,0.000317429755878,0.819038206790639,True,6.4923587551e-05,True,4.0,relu,0.5,4.0,4.0,4.0,relu,"(3, 3)",32.0,1.0,tanh,217.0,5.0,10.0,15.0,True,False,,,,0.5899717211723328,0.797838568687439,2.1954264640808105,0.0723813027143478,FINISHED,,5031.0507180690765,,1.351164945365314,-0.3649658660120309,1.477199113824507,59.7253851082312,rnn,rnn_rnn_rna,,128.45801601255155
False,100,147.0,,3,6484b0d9ae8f1fec2f03827ebac9c61f7958c3a4,e58a5e1cb5bd9c92e922d5a35ae1d23d712dc487,,53.0,162.0,0.000153674052858,0.00017679625087,0.017626929132958,True,0.000268336061557,True,4.0,relu,0.5,4.0,3.0,4.0,relu,"(3, 3)",32.0,1.0,relu,116.0,5.0,10.0,15.0,True,False,,,,0.1226082295179367,0.1793085634708404,0.0572447031736373,0.0148741975426673,FINISHED,,5298.940891504288,,1.1062902134636146,-0.4077867619540587,1.157523334426784,126.82641103037068,rnn,rnn_rnn_rna,,142.15003440969195
False,100,147.0,,4,6484b0d9ae8f1fec2f03827ebac9c61f7958c3a4,f6736894a3de3bbcfda467892e03d3e52b14ce4b,,53.0,162.0,0.000153674052858,0.00017679625087,0.017626929132958,True,0.000268336061557,True,4.0,relu,0.5,4.0,3.0,4.0,relu,"(3, 3)",32.0,1.0,relu,116.0,5.0,10.0,15.0,True,False,,,,0.1191810294985771,0.1761883348226547,0.0572435148060321,0.017208244651556,FINISHED,,4177.774116754532,,1.1062902134636146,-0.4077867619540587,1.157523334426784,126.82641103037068,rnn,rnn_rnn_rna,,142.15003440969195
False,100,235.0,,0,aa866f9a92a04b7e60f507a7b689eb8bdfae3f48,543b62d813c7126e07823ab4dca1490b423461f8,,45.0,455.0,0.000373860494892,0.000286800316119,0.253591467119854,True,0.000921212786392,True,4.0,relu,0.5,4.0,2.0,4.0,relu,"(3, 3)",32.0,1.0,LeakyReLU,113.0,5.0,10.0,15.0,True,False,,,,0.1326001435518264,0.1868994086980819,0.0687750279903411,0.0154359741136431,FINISHED,,4322.0528819561005,,0.771515025386021,0.96991636428842,-0.4566861794357442,83.73290019646454,rnn,rnn_rnn_rna,,160.19101766665517
False,100,235.0,,1,aa866f9a92a04b7e60f507a7b689eb8bdfae3f48,811ca3c36dc280db273f50c02ae9baead67d7b3d,,45.0,455.0,0.000373860494892,0.000286800316119,0.253591467119854,True,0.000921212786392,True,4.0,relu,0.5,4.0,2.0,4.0,relu,"(3, 3)",32.0,1.0,LeakyReLU,113.0,5.0,10.0,15.0,True,False,,,,0.093435913324356,0.1391902416944503,0.0354566648602485,0.0126114636659622,FINISHED,,6846.875860929489,,0.771515025386021,0.96991636428842,-0.4566861794357442,83.73290019646454,rnn,rnn_rnn_rna,,160.19101766665517
False,100,182.0,,0,7a8dbeeee679dd021d5cbca39d2e1a97ddf12fe5,42be918be3bf2cb6b13c4c0ea43d6fd46fb33cf5,,61.0,170.0,0.000254033814224,0.000744057210963,0.049742076815866,True,0.000308244911472,True,4.0,relu,0.5,4.0,2.0,4.0,relu,"(3, 3)",32.0,1.0,LeakyReLU,224.0,5.0,10.0,15.0,True,False,,,,0.1232961490750312,0.179591491818428,0.1042102053761482,0.0162539519369602,FINISHED,,5565.720687627792,,0.2279402960478744,-0.5070275458084399,0.2890784756592932,81.09615135426104,rnn,rnn_rnn_rna,,174.53981497739255
False,100,235.0,,2,aa866f9a92a04b7e60f507a7b689eb8bdfae3f48,1fbf89d11f8c4ef519feb4d4681c30d07a5c1baa,,45.0,455.0,0.000373860494892,0.000286800316119,0.253591467119854,True,0.000921212786392,True,4.0,relu,0.5,4.0,2.0,4.0,relu,"(3, 3)",32.0,1.0,LeakyReLU,113.0,5.0,10.0,15.0,True,False,,,,0.1108288764953613,0.1545347273349762,0.048492457717657,0.013184287585318,FINISHED,,5164.774762868881,,0.771515025386021,0.96991636428842,-0.4566861794357442,83.73290019646454,rnn,rnn_rnn_rna,,160.19101766665517
False,100,235.0,,3,aa866f9a92a04b7e60f507a7b689eb8bdfae3f48,6e447ec9377f7aeebee0ac2cf161d681e054e85e,,45.0,455.0,0.000373860494892,0.000286800316119,0.253591467119854,True,0.000921212786392,True,4.0,relu,0.5,4.0,2.0,4.0,relu,"(3, 3)",32.0,1.0,LeakyReLU,113.0,5.0,10.0,15.0,True,False,,,,0.1210463717579841,0.1780101060867309,0.0561665296554565,0.0147256040945649,FINISHED,,6842.757910013199,,0.771515025386021,0.96991636428842,-0.4566861794357442,83.73290019646454,rnn,rnn_rnn_rna,,160.19101766665517
False,100,235.0,,4,aa866f9a92a04b7e60f507a7b689eb8bdfae3f48,f1685985c796d23f872da49c9c5ca3ad2c1e8896,,45.0,455.0,0.000373860494892,0.000286800316119,0.253591467119854,True,0.000921212786392,True,4.0,relu,0.5,4.0,2.0,4.0,relu,"(3, 3)",32.0,1.0,LeakyReLU,113.0,5.0,10.0,15.0,True,False,,,,0.1155594140291214,0.1700117141008377,0.0514189228415489,0.0161515045911073,FINISHED,,5539.516243457794,,0.771515025386021,0.96991636428842,-0.4566861794357442,83.73290019646454,rnn,rnn_rnn_rna,,160.19101766665517
False,100,229.0,,0,908e59b1ee7024e82358fb69ee0a65a4aee45afa,87e346b28349d9dc693787ba0909ee61d113b625,,53.0,244.0,0.00024058355086,0.000174788057471,0.702569171340501,False,0.000640910338664,True,4.0,relu,0.5,4.0,3.0,4.0,relu,"(3, 3)",32.0,1.0,LeakyReLU,220.0,5.0,10.0,15.0,True,False,,,,0.1355645507574081,0.1930493116378784,0.0863564610481262,0.0161964483559131,FINISHED,,7719.843191623688,,-0.3519998632137928,0.6701434045630301,0.2683970249657503,77.74202542164176,rnn,rnn_rnn_rna,,206.79754737628565
False,100,141.0,,0,cc6d78c9c0568497c93966e478d715d9afe7b00c,11f15dacd1ea109697edd9c6212c7433c9788c27,,52.0,294.0,0.00041024655422,0.000691292845477,0.544195707471922,True,0.000902293317321,True,4.0,relu,0.5,4.0,2.0,4.0,relu,"(3, 3)",32.0,1.0,relu,211.0,5.0,10.0,15.0,True,False,,,,0.1234995201230049,0.1772430092096328,0.0599638186395168,0.0149584002792835,FINISHED,,6036.093882083893,,0.0735688282924944,-0.1691192726708137,0.6817166318368915,121.20752767214424,rnn,rnn_rnn_rna,,186.505650020526
False,100,141.0,,1,cc6d78c9c0568497c93966e478d715d9afe7b00c,0768836fbb54867c7a5d697646a80b7da49241e8,,52.0,294.0,0.00041024655422,0.000691292845477,0.544195707471922,True,0.000902293317321,True,4.0,relu,0.5,4.0,2.0,4.0,relu,"(3, 3)",32.0,1.0,relu,211.0,5.0,10.0,15.0,True,False,,,,0.3388498425483703,0.5622227787971497,0.395104706287384,0.0581903010606765,FINISHED,,3986.957667827606,,0.0735688282924944,-0.1691192726708137,0.6817166318368915,121.20752767214424,rnn,rnn_rnn_rna,,186.505650020526
False,100,241.0,,0,49cdedf258ae7cf8797e42b10f16140d843c08c4,309f28db294789651a2f7d761cd9ab0ba8d301b7,,32.0,101.0,0.000705936659314,0.000187225359463,0.559040075053404,True,0.000741773633252,True,4.0,relu,0.5,4.0,2.0,4.0,relu,"(3, 3)",32.0,1.0,tanh,77.0,5.0,10.0,15.0,True,False,,,,0.1115034446120262,0.1610995233058929,0.0502402819693088,0.013807076960802,FINISHED,,3747.075854063034,,-0.3136469464176006,0.33391758177915,-0.2890024024732511,67.36633028149409,rnn,rnn_rnn_rna,,126.34471871455506
False,100,91.0,,0,898be596f576789c9bf2646681c79f75f78c578b,35eb62512d8e28340d811a4fa741bcd2dc591825,,43.0,436.0,0.000625324107909,0.000863646675718,0.521604279500738,False,0.000528507901101,True,4.0,relu,0.5,4.0,4.0,4.0,relu,"(3, 3)",32.0,1.0,tanh,197.0,5.0,10.0,15.0,True,False,,,,0.1278005540370941,0.1828703135251999,0.0885777324438095,0.0153109263628721,FINISHED,,9901.25104880333,,0.4683956619382809,1.2095630584831094,-0.3604509028646052,100.13019883393204,rnn,rnn_rnn_rna,,207.4217742689289
False,100,234.0,,1,2413008439358e9ab5c9484f52ab37acbaa47bd7,c7e51e444e8ef59f26ed85a8568c37f6fbe0312f,,43.0,298.0,0.000472214925162,0.000119594245938,0.656645560504258,True,0.000716112339351,True,4.0,relu,0.5,4.0,3.0,4.0,relu,"(3, 3)",32.0,1.0,relu,186.0,5.0,10.0,15.0,True,False,,,,0.0950885564088821,0.1337917745113372,0.0397955067455768,0.0115977218374609,FINISHED,,9928.631828069689,,1.216206851751187,-0.3828832994279527,0.1119646434313244,101.20792544509251,rnn,rnn_rnn_rna,,254.1934359909122
False,100,234.0,,2,2413008439358e9ab5c9484f52ab37acbaa47bd7,581b10cc81d9e5f16c8bbd3358796f81f14d34c0,,43.0,298.0,0.000472214925162,0.000119594245938,0.656645560504258,True,0.000716112339351,True,4.0,relu,0.5,4.0,3.0,4.0,relu,"(3, 3)",32.0,1.0,relu,186.0,5.0,10.0,15.0,True,False,,,,0.1071732267737388,0.1599170267581939,0.0579125136137008,0.0138575667515397,FINISHED,,4722.771240472794,,1.216206851751187,-0.3828832994279527,0.1119646434313244,101.20792544509251,rnn,rnn_rnn_rna,,254.1934359909122
False,100,234.0,,3,2413008439358e9ab5c9484f52ab37acbaa47bd7,243468486c32f615ad8f0c83e8ead903d4abb9eb,,43.0,298.0,0.000472214925162,0.000119594245938,0.656645560504258,True,0.000716112339351,True,4.0,relu,0.5,4.0,3.0,4.0,relu,"(3, 3)",32.0,1.0,relu,186.0,5.0,10.0,15.0,True,False,,,,0.1345080286264419,0.194825530052185,0.072376862168312,0.0163827463984489,FINISHED,,7298.189520120621,,1.216206851751187,-0.3828832994279527,0.1119646434313244,101.20792544509251,rnn,rnn_rnn_rna,,254.1934359909122
False,100,126.0,,2,68da94917b68d6ed0e51fd768d729fdc6c51191f,aa5daa2315b72270d08c54deddeb95ce86d0bd30,,50.0,247.0,0.000746491405118,0.000649632899047,0.640961299212782,False,0.000850731176389,True,4.0,relu,0.5,4.0,3.0,4.0,relu,"(3, 3)",32.0,1.0,relu,110.0,5.0,10.0,15.0,True,False,,,,0.1062854528427124,0.1550690233707428,0.0741428807377815,0.0133710717782378,FINISHED,,6083.730375051498,,-0.4998768323075626,0.8737903953853865,0.793922519005201,89.65264393763846,rnn,rnn_rnn_rna,,118.7349535656185
False,100,126.0,,3,68da94917b68d6ed0e51fd768d729fdc6c51191f,9ca4e5353941b216c8aec0f977fdaf074e70faa3,,50.0,247.0,0.000746491405118,0.000649632899047,0.640961299212782,False,0.000850731176389,True,4.0,relu,0.5,4.0,3.0,4.0,relu,"(3, 3)",32.0,1.0,relu,110.0,5.0,10.0,15.0,True,False,,,,0.1176216751337051,0.171734020113945,0.0600596442818641,0.014512307010591,FINISHED,,7200.378079414368,,-0.4998768323075626,0.8737903953853865,0.793922519005201,89.65264393763846,rnn,rnn_rnn_rna,,118.7349535656185
False,100,126.0,,4,68da94917b68d6ed0e51fd768d729fdc6c51191f,cfb11803dcf044d31316bdcc30ff1828cda708fe,,50.0,247.0,0.000746491405118,0.000649632899047,0.640961299212782,False,0.000850731176389,True,4.0,relu,0.5,4.0,3.0,4.0,relu,"(3, 3)",32.0,1.0,relu,110.0,5.0,10.0,15.0,True,False,,,,0.1031514033675193,0.1575164794921875,0.0696275606751442,0.0150141660124063,FINISHED,,4981.355931520462,,-0.4998768323075626,0.8737903953853865,0.793922519005201,89.65264393763846,rnn,rnn_rnn_rna,,118.7349535656185
False,100,182.0,,1,7a8dbeeee679dd021d5cbca39d2e1a97ddf12fe5,a3d939aa4587385f8e2a95c7fe9ce6353359fb56,,61.0,170.0,0.000254033814224,0.000744057210963,0.049742076815866,True,0.000308244911472,True,4.0,relu,0.5,4.0,2.0,4.0,relu,"(3, 3)",32.0,1.0,LeakyReLU,224.0,5.0,10.0,15.0,True,False,,,,0.0887548252940177,0.1221037730574607,0.0389541834592819,0.01054940931499,FINISHED,,8289.815874576569,,0.2279402960478744,-0.5070275458084399,0.2890784756592932,81.09615135426104,rnn,rnn_rnn_rna,,174.53981497739255
False,100,182.0,,2,7a8dbeeee679dd021d5cbca39d2e1a97ddf12fe5,aa49c5eb184f7cd1db90d107f9be7e8eac730ad6,,61.0,170.0,0.000254033814224,0.000744057210963,0.049742076815866,True,0.000308244911472,True,4.0,relu,0.5,4.0,2.0,4.0,relu,"(3, 3)",32.0,1.0,LeakyReLU,224.0,5.0,10.0,15.0,True,False,,,,0.3346604704856872,0.5532159805297852,0.4248493909835815,0.0572423674166202,FINISHED,,5541.59951376915,,0.2279402960478744,-0.5070275458084399,0.2890784756592932,81.09615135426104,rnn,rnn_rnn_rna,,174.53981497739255
False,100,190.0,,0,f5e9c3cf581795e2b06ab318778bf49fb0195e26,856a0b8394802751b75a07f37ca8f018e91d5d96,,56.0,391.0,0.000554046017085,0.000269847405794,0.377696906619457,True,0.00059225213447,True,4.0,relu,0.5,4.0,3.0,4.0,relu,"(3, 3)",32.0,1.0,relu,76.0,5.0,10.0,15.0,True,False,,,,0.1161784753203392,0.1698348075151443,0.0614451318979263,0.0151539416983723,FINISHED,,7868.232084751129,,0.0140972714520595,0.270540791485625,0.5769929294936764,102.09614975598002,rnn,rnn_rnn_rna,,296.9939056371245
False,100,229.0,,1,908e59b1ee7024e82358fb69ee0a65a4aee45afa,d62d222e955c195e8a2b7f22d68ca8a5ae2c9d70,,53.0,244.0,0.00024058355086,0.000174788057471,0.702569171340501,False,0.000640910338664,True,4.0,relu,0.5,4.0,3.0,4.0,relu,"(3, 3)",32.0,1.0,LeakyReLU,220.0,5.0,10.0,15.0,True,False,,,,0.0837270319461822,0.1252553462982177,0.0479962527751922,0.0113377859815955,FINISHED,,9750.72082042694,,-0.3519998632137928,0.6701434045630301,0.2683970249657503,77.74202542164176,rnn,rnn_rnn_rna,,206.79754737628565
False,100,68.0,,0,163643db7679f0a962603fef50b199b47fe953e9,fc0aea4fba91bd022d961a75b43ef03dbe3c2097,,42.0,247.0,0.000230447430685,0.000369968993706,0.687906534886841,True,9.8403479384e-05,True,4.0,relu,0.5,4.0,3.0,4.0,relu,"(3, 3)",32.0,1.0,relu,159.0,5.0,10.0,15.0,True,False,,,,0.1198727190494537,0.1882579326629638,0.0738767459988594,0.0168192703276872,FINISHED,,9874.949303865433,,0.6898040253330402,0.759929558241834,1.0560705901160925,21.25148098996545,rnn,rnn_rnn_rna,,162.18932616447992
False,100,229.0,,2,908e59b1ee7024e82358fb69ee0a65a4aee45afa,34ef7ba45533a5eaff8cc616286a2ff9b1f1aa6d,,53.0,244.0,0.00024058355086,0.000174788057471,0.702569171340501,False,0.000640910338664,True,4.0,relu,0.5,4.0,3.0,4.0,relu,"(3, 3)",32.0,1.0,LeakyReLU,220.0,5.0,10.0,15.0,True,False,,,,0.1060102134943008,0.1545278578996658,0.0617152228951454,0.0133274160325527,FINISHED,,9716.273768901823,,-0.3519998632137928,0.6701434045630301,0.2683970249657503,77.74202542164176,rnn,rnn_rnn_rna,,206.79754737628565
False,100,229.0,,3,908e59b1ee7024e82358fb69ee0a65a4aee45afa,e8681f1ea84f4edb12e75a2a3c324db8906f88b7,,53.0,244.0,0.00024058355086,0.000174788057471,0.702569171340501,False,0.000640910338664,True,4.0,relu,0.5,4.0,3.0,4.0,relu,"(3, 3)",32.0,1.0,LeakyReLU,220.0,5.0,10.0,15.0,True,False,,,,0.1263281852006912,0.1835857480764389,0.0785104483366012,0.0155670614913105,FINISHED,,8094.439550161362,,-0.3519998632137928,0.6701434045630301,0.2683970249657503,77.74202542164176,rnn,rnn_rnn_rna,,206.79754737628565
False,100,229.0,,4,908e59b1ee7024e82358fb69ee0a65a4aee45afa,cef4eed15fccb5aa0908cf6331fceaddd5c14d30,,53.0,244.0,0.00024058355086,0.000174788057471,0.702569171340501,False,0.000640910338664,True,4.0,relu,0.5,4.0,3.0,4.0,relu,"(3, 3)",32.0,1.0,LeakyReLU,220.0,5.0,10.0,15.0,True,False,,,,0.1064200401306152,0.1574863344430923,0.0620948262512683,0.0149421440437436,FINISHED,,7284.512628078461,,-0.3519998632137928,0.6701434045630301,0.2683970249657503,77.74202542164176,rnn,rnn_rnn_rna,,206.79754737628565
False,100,241.0,,1,49cdedf258ae7cf8797e42b10f16140d843c08c4,1b42edb0cf3530a3383afc6585f8d27740432af7,,32.0,101.0,0.000705936659314,0.000187225359463,0.559040075053404,True,0.000741773633252,True,4.0,relu,0.5,4.0,2.0,4.0,relu,"(3, 3)",32.0,1.0,tanh,77.0,5.0,10.0,15.0,True,False,,,,0.0947563126683235,0.1424971520900726,0.0394172705709934,0.0128438360989093,FINISHED,,2518.8625206947327,,-0.3136469464176006,0.33391758177915,-0.2890024024732511,67.36633028149409,rnn,rnn_rnn_rna,,126.34471871455506
False,100,241.0,,2,49cdedf258ae7cf8797e42b10f16140d843c08c4,ac279690599d46dd513755944478b287910d7b44,,32.0,101.0,0.000705936659314,0.000187225359463,0.559040075053404,True,0.000741773633252,True,4.0,relu,0.5,4.0,2.0,4.0,relu,"(3, 3)",32.0,1.0,tanh,77.0,5.0,10.0,15.0,True,False,,,,0.1012492403388023,0.1457630395889282,0.0484242178499698,0.0126706277951598,FINISHED,,3401.713817358017,,-0.3136469464176006,0.33391758177915,-0.2890024024732511,67.36633028149409,rnn,rnn_rnn_rna,,126.34471871455506
False,100,241.0,,3,49cdedf258ae7cf8797e42b10f16140d843c08c4,d05aecde0121e6c4407ca1f5e0019560c8aaa354,,32.0,101.0,0.000705936659314,0.000187225359463,0.559040075053404,True,0.000741773633252,True,4.0,relu,0.5,4.0,2.0,4.0,relu,"(3, 3)",32.0,1.0,tanh,77.0,5.0,10.0,15.0,True,False,,,,0.1183061301708221,0.1747404038906097,0.0563542433083057,0.0145810982212424,FINISHED,,3854.9955954551697,,-0.3136469464176006,0.33391758177915,-0.2890024024732511,67.36633028149409,rnn,rnn_rnn_rna,,126.34471871455506
False,100,241.0,,4,49cdedf258ae7cf8797e42b10f16140d843c08c4,12eff8d56f5a4e2b6b03e979a2578a988619bdda,,32.0,101.0,0.000705936659314,0.000187225359463,0.559040075053404,True,0.000741773633252,True,4.0,relu,0.5,4.0,2.0,4.0,relu,"(3, 3)",32.0,1.0,tanh,77.0,5.0,10.0,15.0,True,False,,,,0.1147439256310463,0.172685831785202,0.0541163422167301,0.0165667086839675,FINISHED,,2347.465696811676,,-0.3136469464176006,0.33391758177915,-0.2890024024732511,67.36633028149409,rnn,rnn_rnn_rna,,126.34471871455506
False,100,87.0,,0,df1cee68a99ddca6ad1c1fd0b76d0c130948a6a3,154571c357027a0b21d6ea09dc59f80869e5b84f,,37.0,181.0,5.2646913342e-05,0.000527348716796,0.654444053101604,False,0.000769682131477,True,4.0,relu,0.5,4.0,3.0,4.0,relu,"(3, 3)",32.0,1.0,LeakyReLU,246.0,5.0,10.0,15.0,True,False,,,,0.132695585489273,0.1875323504209518,0.0664692744612693,0.0156809855252504,FINISHED,,3947.102836608887,,0.6547581637722983,0.0523964954725633,0.7880631668041447,62.01999796857816,rnn,rnn_rnn_rna,,153.9321988882615
